你的良心不会痛吗,Date,DecryptedData
0,2017-01-01,
1,2017-01-02,
2,2017-01-03,
3,2017-01-04,
4,2017-01-05,
5,2017-01-06,
6,2017-01-07,
7,2017-01-08,
8,2017-01-09,
9,2017-01-10,
10,2017-01-11,
11,2017-01-12,
12,2017-01-13,
13,2017-01-14,
14,2017-01-15,
15,2017-01-16,
16,2017-01-17,
17,2017-01-18,
18,2017-01-19,129
19,2017-01-20,147
20,2017-01-21,150
21,2017-01-22,186
22,2017-01-23,243
23,2017-01-24,203
24,2017-01-25,272
25,2017-01-26,315
26,2017-01-27,402
27,2017-01-28,411
28,2017-01-29,464
29,2017-01-30,457
30,2017-01-31,544
31,2017-02-01,524
32,2017-02-02,567
33,2017-02-03,616
34,2017-02-04,709
35,2017-02-05,670
36,2017-02-06,677
37,2017-02-07,764
38,2017-02-08,1066
39,2017-02-09,1118
40,2017-02-10,1144
41,2017-02-11,1079
42,2017-02-12,1056
43,2017-02-13,1256
44,2017-02-14,1211
45,2017-02-15,1264
46,2017-02-16,1272
47,2017-02-17,1562
48,2017-02-18,1288
49,2017-02-19,1220
50,2017-02-20,1434
51,2017-02-21,1439
52,2017-02-22,1589
53,2017-02-23,1685
54,2017-02-24,1721
55,2017-02-25,1441
56,2017-02-26,1412
57,2017-02-27,1678
58,2017-02-28,1751
59,2017-03-01,1704
60,2017-03-02,1660
61,2017-03-03,1633
62,2017-03-04,1445
63,2017-03-05,1374
64,2017-03-06,1713
65,2017-03-07,1697
66,2017-03-08,1840
67,2017-03-09,1819
68,2017-03-10,1718
69,2017-03-11,1508
70,2017-03-12,1473
71,2017-03-13,1846
72,2017-03-14,1767
73,2017-03-15,1741
74,2017-03-16,1768
75,2017-03-17,1766
76,2017-03-18,1501
77,2017-03-19,1485
78,2017-03-20,1888
79,2017-03-21,2037
80,2017-03-22,2023
81,2017-03-23,1908
82,2017-03-24,2183
83,2017-03-25,1760
84,2017-03-26,1449
85,2017-03-27,1760
86,2017-03-28,1742
87,2017-03-29,1726
88,2017-03-30,1744
89,2017-03-31,1887
90,2017-04-01,2032
91,2017-04-02,1402
92,2017-04-03,1492
93,2017-04-04,1397
94,2017-04-05,1753
95,2017-04-06,1635
96,2017-04-07,1656
97,2017-04-08,1397
98,2017-04-09,1307
99,2017-04-10,1602
100,2017-04-11,1726
101,2017-04-12,1538
102,2017-04-13,1504
103,2017-04-14,1559
104,2017-04-15,1353
105,2017-04-16,1299
106,2017-04-17,1560
107,2017-04-18,1616
108,2017-04-19,1587
109,2017-04-20,1589
110,2017-04-21,1716
111,2017-04-22,1434
112,2017-04-23,1402
113,2017-04-24,1656
114,2017-04-25,1692
115,2017-04-26,1599
116,2017-04-27,1583
117,2017-04-28,1573
118,2017-04-29,1348
119,2017-04-30,1323
120,2017-05-01,1289
121,2017-05-02,1506
122,2017-05-03,1552
123,2017-05-04,1599
124,2017-05-05,1558
125,2017-05-06,1398
126,2017-05-07,1316
127,2017-05-08,1566
128,2017-05-09,1532
129,2017-05-10,1615
130,2017-05-11,1592
131,2017-05-12,1631
132,2017-05-13,1351
133,2017-05-14,1302
134,2017-05-15,1489
135,2017-05-16,1486
136,2017-05-17,1558
137,2017-05-18,1560
138,2017-05-19,1557
139,2017-05-20,1315
140,2017-05-21,1191
141,2017-05-22,1412
142,2017-05-23,1367
143,2017-05-24,1427
144,2017-05-25,1404
145,2017-05-26,1418
146,2017-05-27,1432
147,2017-05-28,1174
148,2017-05-29,1202
149,2017-05-30,1182
150,2017-05-31,1270
151,2017-06-01,1339
152,2017-06-02,1396
153,2017-06-03,1257
154,2017-06-04,1196
155,2017-06-05,1374
156,2017-06-06,1423
157,2017-06-07,1449
158,2017-06-08,1400
159,2017-06-09,1406
160,2017-06-10,1218
161,2017-06-11,1165
162,2017-06-12,1362
163,2017-06-13,1376
164,2017-06-14,1348
165,2017-06-15,1376
166,2017-06-16,1359
167,2017-06-17,1195
168,2017-06-18,1102
169,2017-06-19,1340
170,2017-06-20,1261
171,2017-06-21,1329
172,2017-06-22,1354
173,2017-06-23,1316
174,2017-06-24,1107
175,2017-06-25,1129
176,2017-06-26,1293
177,2017-06-27,1289
178,2017-06-28,1360
179,2017-06-29,1338
180,2017-06-30,1344
181,2017-07-01,1198
182,2017-07-02,1135
183,2017-07-03,1335
184,2017-07-04,1320
185,2017-07-05,1372
186,2017-07-06,1320
187,2017-07-07,1279
188,2017-07-08,1113
189,2017-07-09,1035
190,2017-07-10,1324
191,2017-07-11,1361
192,2017-07-12,1291
193,2017-07-13,1268
194,2017-07-14,1292
195,2017-07-15,998
196,2017-07-16,999
197,2017-07-17,1192
198,2017-07-18,1189
199,2017-07-19,1269
200,2017-07-20,1264
201,2017-07-21,1219
202,2017-07-22,966
203,2017-07-23,900
204,2017-07-24,1054
205,2017-07-25,1063
206,2017-07-26,1147
207,2017-07-27,1144
208,2017-07-28,1146
209,2017-07-29,955
210,2017-07-30,1043
211,2017-07-31,1012
212,2017-08-01,1148
213,2017-08-02,1098
214,2017-08-03,1030
215,2017-08-04,1044
216,2017-08-05,882
217,2017-08-06,875
218,2017-08-07,1006
219,2017-08-08,1124
220,2017-08-09,1098
221,2017-08-10,1078
222,2017-08-11,1050
223,2017-08-12,851
224,2017-08-13,843
225,2017-08-14,923
226,2017-08-15,1028
227,2017-08-16,1052
228,2017-08-17,1057
229,2017-08-18,1011
230,2017-08-19,789
231,2017-08-20,903
232,2017-08-21,1014
233,2017-08-22,1043
234,2017-08-23,1017
235,2017-08-24,971
236,2017-08-25,1017
237,2017-08-26,871
238,2017-08-27,875
239,2017-08-28,1025
240,2017-08-29,887
241,2017-08-30,897
242,2017-08-31,958
243,2017-09-01,841
244,2017-09-02,826
245,2017-09-03,746
246,2017-09-04,778
247,2017-09-05,767
248,2017-09-06,776
249,2017-09-07,814
250,2017-09-08,916
251,2017-09-09,851
252,2017-09-10,832
253,2017-09-11,923
254,2017-09-12,808
255,2017-09-13,784
256,2017-09-14,879
257,2017-09-15,829
258,2017-09-16,798
259,2017-09-17,761
260,2017-09-18,790
261,2017-09-19,760
262,2017-09-20,843
263,2017-09-21,753
264,2017-09-22,818
265,2017-09-23,875
266,2017-09-24,760
267,2017-09-25,758
268,2017-09-26,788
269,2017-09-27,728
270,2017-09-28,793
271,2017-09-29,809
272,2017-09-30,861
273,2017-10-01,741
274,2017-10-02,711
275,2017-10-03,769
276,2017-10-04,755
277,2017-10-05,648
278,2017-10-06,704
279,2017-10-07,672
280,2017-10-08,690
281,2017-10-09,672
282,2017-10-10,649
283,2017-10-11,705
284,2017-10-12,687
285,2017-10-13,723
286,2017-10-14,655
287,2017-10-15,588
288,2017-10-16,668
289,2017-10-17,654
290,2017-10-18,679
291,2017-10-19,665
292,2017-10-20,676
293,2017-10-21,619
294,2017-10-22,652
295,2017-10-23,637
296,2017-10-24,657
297,2017-10-25,603
298,2017-10-26,634
299,2017-10-27,699
300,2017-10-28,601
301,2017-10-29,596
302,2017-10-30,623
303,2017-10-31,590
304,2017-11-01,602
305,2017-11-02,585
306,2017-11-03,647
307,2017-11-04,530
308,2017-11-05,550
309,2017-11-06,686
310,2017-11-07,647
311,2017-11-08,661
312,2017-11-09,637
313,2017-11-10,620
314,2017-11-11,606
315,2017-11-12,637
316,2017-11-13,860
317,2017-11-14,732
318,2017-11-15,762
319,2017-11-16,661
320,2017-11-17,616
321,2017-11-18,546
322,2017-11-19,567
323,2017-11-20,565
324,2017-11-21,579
325,2017-11-22,592
326,2017-11-23,663
327,2017-11-24,614
328,2017-11-25,525
329,2017-11-26,482
330,2017-11-27,586
331,2017-11-28,649
332,2017-11-29,724
333,2017-11-30,653
334,2017-12-01,620
335,2017-12-02,636
336,2017-12-03,584
337,2017-12-04,656
338,2017-12-05,594
339,2017-12-06,599
340,2017-12-07,601
341,2017-12-08,543
342,2017-12-09,485
343,2017-12-10,539
344,2017-12-11,676
345,2017-12-12,627
346,2017-12-13,675
347,2017-12-14,592
348,2017-12-15,580
349,2017-12-16,510
350,2017-12-17,548
351,2017-12-18,633
352,2017-12-19,588
353,2017-12-20,767
354,2017-12-21,1085
355,2017-12-22,920
356,2017-12-23,732
357,2017-12-24,678
358,2017-12-25,787
359,2017-12-26,707
360,2017-12-27,712
361,2017-12-28,866
362,2017-12-29,846
363,2017-12-30,736
364,2017-12-31,708
