真香,Date,DecryptedData
0,2018-01-01,
1,2018-01-02,
2,2018-01-03,
3,2018-01-04,
4,2018-01-05,
5,2018-01-06,
6,2018-01-07,
7,2018-01-08,
8,2018-01-09,
9,2018-01-10,
10,2018-01-11,
11,2018-01-12,
12,2018-01-13,
13,2018-01-14,
14,2018-01-15,
15,2018-01-16,
16,2018-01-17,
17,2018-01-18,
18,2018-01-19,
19,2018-01-20,
20,2018-01-21,
21,2018-01-22,
22,2018-01-23,
23,2018-01-24,
24,2018-01-25,
25,2018-01-26,
26,2018-01-27,
27,2018-01-28,
28,2018-01-29,
29,2018-01-30,
30,2018-01-31,
31,2018-02-01,
32,2018-02-02,
33,2018-02-03,
34,2018-02-04,
35,2018-02-05,
36,2018-02-06,
37,2018-02-07,
38,2018-02-08,
39,2018-02-09,
40,2018-02-10,
41,2018-02-11,
42,2018-02-12,
43,2018-02-13,
44,2018-02-14,
45,2018-02-15,
46,2018-02-16,
47,2018-02-17,
48,2018-02-18,
49,2018-02-19,
50,2018-02-20,
51,2018-02-21,
52,2018-02-22,
53,2018-02-23,
54,2018-02-24,
55,2018-02-25,
56,2018-02-26,
57,2018-02-27,
58,2018-02-28,
59,2018-03-01,
60,2018-03-02,
61,2018-03-03,
62,2018-03-04,
63,2018-03-05,
64,2018-03-06,
65,2018-03-07,
66,2018-03-08,
67,2018-03-09,
68,2018-03-10,
69,2018-03-11,
70,2018-03-12,
71,2018-03-13,
72,2018-03-14,
73,2018-03-15,
74,2018-03-16,
75,2018-03-17,
76,2018-03-18,
77,2018-03-19,
78,2018-03-20,
79,2018-03-21,
80,2018-03-22,
81,2018-03-23,
82,2018-03-24,
83,2018-03-25,
84,2018-03-26,
85,2018-03-27,
86,2018-03-28,
87,2018-03-29,
88,2018-03-30,
89,2018-03-31,
90,2018-04-01,
91,2018-04-02,
92,2018-04-03,
93,2018-04-04,
94,2018-04-05,
95,2018-04-06,
96,2018-04-07,
97,2018-04-08,
98,2018-04-09,
99,2018-04-10,
100,2018-04-11,
101,2018-04-12,
102,2018-04-13,
103,2018-04-14,
104,2018-04-15,
105,2018-04-16,
106,2018-04-17,
107,2018-04-18,
108,2018-04-19,
109,2018-04-20,
110,2018-04-21,
111,2018-04-22,
112,2018-04-23,
113,2018-04-24,
114,2018-04-25,
115,2018-04-26,
116,2018-04-27,
117,2018-04-28,
118,2018-04-29,
119,2018-04-30,
120,2018-05-01,
121,2018-05-02,
122,2018-05-03,
123,2018-05-04,
124,2018-05-05,
125,2018-05-06,
126,2018-05-07,
127,2018-05-08,
128,2018-05-09,
129,2018-05-10,
130,2018-05-11,
131,2018-05-12,
132,2018-05-13,
133,2018-05-14,
134,2018-05-15,
135,2018-05-16,
136,2018-05-17,
137,2018-05-18,
138,2018-05-19,
139,2018-05-20,
140,2018-05-21,
141,2018-05-22,
142,2018-05-23,
143,2018-05-24,
144,2018-05-25,
145,2018-05-26,
146,2018-05-27,
147,2018-05-28,
148,2018-05-29,
149,2018-05-30,
150,2018-05-31,
151,2018-06-01,
152,2018-06-02,
153,2018-06-03,
154,2018-06-04,
155,2018-06-05,
156,2018-06-06,
157,2018-06-07,
158,2018-06-08,
159,2018-06-09,
160,2018-06-10,
161,2018-06-11,
162,2018-06-12,
163,2018-06-13,
164,2018-06-14,
165,2018-06-15,
166,2018-06-16,
167,2018-06-17,
168,2018-06-18,
169,2018-06-19,
170,2018-06-20,
171,2018-06-21,
172,2018-06-22,
173,2018-06-23,
174,2018-06-24,
175,2018-06-25,
176,2018-06-26,
177,2018-06-27,
178,2018-06-28,
179,2018-06-29,
180,2018-06-30,
181,2018-07-01,
182,2018-07-02,
183,2018-07-03,
184,2018-07-04,3021
185,2018-07-05,2907
186,2018-07-06,2871
187,2018-07-07,3974
188,2018-07-08,3449
189,2018-07-09,3414
190,2018-07-10,3588
191,2018-07-11,3696
192,2018-07-12,3575
193,2018-07-13,3483
194,2018-07-14,3582
195,2018-07-15,3460
196,2018-07-16,3765
197,2018-07-17,3741
198,2018-07-18,3691
199,2018-07-19,4139
200,2018-07-20,3859
201,2018-07-21,3756
202,2018-07-22,3762
203,2018-07-23,3631
204,2018-07-24,3698
205,2018-07-25,3678
206,2018-07-26,3610
207,2018-07-27,3865
208,2018-07-28,3717
209,2018-07-29,3593
210,2018-07-30,3826
211,2018-07-31,3814
212,2018-08-01,3668
213,2018-08-02,3443
214,2018-08-03,3705
215,2018-08-04,4169
216,2018-08-05,4164
217,2018-08-06,4357
218,2018-08-07,4091
219,2018-08-08,4305
220,2018-08-09,4787
221,2018-08-10,4771
222,2018-08-11,4256
223,2018-08-12,4131
224,2018-08-13,4195
225,2018-08-14,4286
226,2018-08-15,4285
227,2018-08-16,4223
228,2018-08-17,4418
229,2018-08-18,3769
230,2018-08-19,4298
231,2018-08-20,4340
232,2018-08-21,4179
233,2018-08-22,4079
234,2018-08-23,4368
235,2018-08-24,4320
236,2018-08-25,4731
237,2018-08-26,4731
238,2018-08-27,4491
239,2018-08-28,4413
240,2018-08-29,4599
241,2018-08-30,4112
242,2018-08-31,4167
243,2018-09-01,4402
244,2018-09-02,3672
245,2018-09-03,3823
246,2018-09-04,3560
247,2018-09-05,3789
248,2018-09-06,3867
249,2018-09-07,3474
250,2018-09-08,4061
251,2018-09-09,3814
252,2018-09-10,3317
253,2018-09-11,3358
254,2018-09-12,3348
255,2018-09-13,4235
256,2018-09-14,4028
257,2018-09-15,4325
258,2018-09-16,4186
259,2018-09-17,3631
260,2018-09-18,3682
261,2018-09-19,4051
262,2018-09-20,3811
263,2018-09-21,4046
264,2018-09-22,4608
265,2018-09-23,4646
266,2018-09-24,5126
267,2018-09-25,3900
268,2018-09-26,3705
269,2018-09-27,3311
270,2018-09-28,3385
271,2018-09-29,3508
272,2018-09-30,3890
273,2018-10-01,4360
274,2018-10-02,4331
275,2018-10-03,4695
276,2018-10-04,4752
277,2018-10-05,4500
278,2018-10-06,4452
279,2018-10-07,4099
280,2018-10-08,3514
281,2018-10-09,3955
282,2018-10-10,3687
283,2018-10-11,3606
284,2018-10-12,3588
285,2018-10-13,4309
286,2018-10-14,4471
287,2018-10-15,4163
288,2018-10-16,5808
289,2018-10-17,4575
290,2018-10-18,4029
291,2018-10-19,4019
292,2018-10-20,4824
293,2018-10-21,4970
294,2018-10-22,4212
295,2018-10-23,4387
296,2018-10-24,8676
297,2018-10-25,6330
298,2018-10-26,5475
299,2018-10-27,5155
300,2018-10-28,4737
301,2018-10-29,4041
302,2018-10-30,4179
303,2018-10-31,4076
304,2018-11-01,4054
305,2018-11-02,4016
306,2018-11-03,4752
307,2018-11-04,4577
308,2018-11-05,4148
309,2018-11-06,4429
310,2018-11-07,4282
311,2018-11-08,4104
312,2018-11-09,4067
313,2018-11-10,4118
314,2018-11-11,4596
315,2018-11-12,4218
316,2018-11-13,3863
317,2018-11-14,3782
318,2018-11-15,3657
319,2018-11-16,3590
320,2018-11-17,4152
321,2018-11-18,4173
322,2018-11-19,3924
323,2018-11-20,3944
324,2018-11-21,3629
325,2018-11-22,3799
326,2018-11-23,3796
327,2018-11-24,4001
328,2018-11-25,4267
329,2018-11-26,3710
330,2018-11-27,3733
331,2018-11-28,3503
332,2018-11-29,3440
333,2018-11-30,3611
334,2018-12-01,3885
335,2018-12-02,3933
336,2018-12-03,4052
337,2018-12-04,4115
338,2018-12-05,4005
339,2018-12-06,3652
340,2018-12-07,3995
341,2018-12-08,3806
342,2018-12-09,3814
343,2018-12-10,3552
344,2018-12-11,3840
345,2018-12-12,3826
346,2018-12-13,3766
347,2018-12-14,4282
348,2018-12-15,3732
349,2018-12-16,3664
350,2018-12-17,3475
351,2018-12-18,3259
352,2018-12-19,3310
353,2018-12-20,3620
354,2018-12-21,3601
355,2018-12-22,4398
356,2018-12-23,3928
357,2018-12-24,3793
358,2018-12-25,3532
359,2018-12-26,3684
360,2018-12-27,4188
361,2018-12-28,3946
362,2018-12-29,3918
363,2018-12-30,4029
364,2018-12-31,4235
