来吧展示,Date,DecryptedData
0,2020-01-01,
1,2020-01-02,
2,2020-01-03,
3,2020-01-04,
4,2020-01-05,
5,2020-01-06,
6,2020-01-07,
7,2020-01-08,
8,2020-01-09,
9,2020-01-10,
10,2020-01-11,
11,2020-01-12,
12,2020-01-13,
13,2020-01-14,
14,2020-01-15,
15,2020-01-16,
16,2020-01-17,
17,2020-01-18,
18,2020-01-19,
19,2020-01-20,
20,2020-01-21,
21,2020-01-22,
22,2020-01-23,
23,2020-01-24,
24,2020-01-25,
25,2020-01-26,
26,2020-01-27,
27,2020-01-28,
28,2020-01-29,
29,2020-01-30,
30,2020-01-31,
31,2020-02-01,
32,2020-02-02,
33,2020-02-03,
34,2020-02-04,
35,2020-02-05,
36,2020-02-06,
37,2020-02-07,
38,2020-02-08,
39,2020-02-09,
40,2020-02-10,
41,2020-02-11,
42,2020-02-12,
43,2020-02-13,
44,2020-02-14,
45,2020-02-15,
46,2020-02-16,
47,2020-02-17,
48,2020-02-18,
49,2020-02-19,
50,2020-02-20,
51,2020-02-21,
52,2020-02-22,
53,2020-02-23,
54,2020-02-24,
55,2020-02-25,
56,2020-02-26,
57,2020-02-27,
58,2020-02-28,
59,2020-02-29,
60,2020-03-01,
61,2020-03-02,
62,2020-03-03,
63,2020-03-04,
64,2020-03-05,
65,2020-03-06,
66,2020-03-07,
67,2020-03-08,
68,2020-03-09,
69,2020-03-10,
70,2020-03-11,
71,2020-03-12,
72,2020-03-13,
73,2020-03-14,
74,2020-03-15,
75,2020-03-16,
76,2020-03-17,
77,2020-03-18,
78,2020-03-19,
79,2020-03-20,
80,2020-03-21,
81,2020-03-22,
82,2020-03-23,
83,2020-03-24,
84,2020-03-25,
85,2020-03-26,
86,2020-03-27,
87,2020-03-28,
88,2020-03-29,
89,2020-03-30,
90,2020-03-31,
91,2020-04-01,
92,2020-04-02,
93,2020-04-03,
94,2020-04-04,
95,2020-04-05,
96,2020-04-06,
97,2020-04-07,
98,2020-04-08,
99,2020-04-09,
100,2020-04-10,
101,2020-04-11,
102,2020-04-12,
103,2020-04-13,
104,2020-04-14,
105,2020-04-15,
106,2020-04-16,
107,2020-04-17,
108,2020-04-18,
109,2020-04-19,
110,2020-04-20,
111,2020-04-21,
112,2020-04-22,
113,2020-04-23,
114,2020-04-24,
115,2020-04-25,
116,2020-04-26,
117,2020-04-27,
118,2020-04-28,
119,2020-04-29,
120,2020-04-30,
121,2020-05-01,
122,2020-05-02,
123,2020-05-03,
124,2020-05-04,
125,2020-05-05,
126,2020-05-06,
127,2020-05-07,
128,2020-05-08,
129,2020-05-09,
130,2020-05-10,
131,2020-05-11,
132,2020-05-12,
133,2020-05-13,
134,2020-05-14,
135,2020-05-15,
136,2020-05-16,
137,2020-05-17,
138,2020-05-18,
139,2020-05-19,
140,2020-05-20,
141,2020-05-21,
142,2020-05-22,
143,2020-05-23,
144,2020-05-24,
145,2020-05-25,
146,2020-05-26,2129
147,2020-05-27,2157
148,2020-05-28,2262
149,2020-05-29,2298
150,2020-05-30,2474
151,2020-05-31,2660
152,2020-06-01,2769
153,2020-06-02,2283
154,2020-06-03,2219
155,2020-06-04,2157
156,2020-06-05,2190
157,2020-06-06,2494
158,2020-06-07,2386
159,2020-06-08,2183
160,2020-06-09,2013
161,2020-06-10,1874
162,2020-06-11,1838
163,2020-06-12,1657
164,2020-06-13,1784
165,2020-06-14,1924
166,2020-06-15,1601
167,2020-06-16,1588
168,2020-06-17,1591
169,2020-06-18,1560
170,2020-06-19,1544
171,2020-06-20,1552
172,2020-06-21,1598
173,2020-06-22,1420
174,2020-06-23,1422
175,2020-06-24,1640
176,2020-06-25,1705
177,2020-06-26,1564
178,2020-06-27,1536
179,2020-06-28,1367
180,2020-06-29,1342
181,2020-06-30,1244
182,2020-07-01,1201
183,2020-07-02,1210
184,2020-07-03,1175
185,2020-07-04,1060
186,2020-07-05,1092
187,2020-07-06,1110
188,2020-07-07,1119
189,2020-07-08,1080
190,2020-07-09,1106
191,2020-07-10,1053
192,2020-07-11,1042
193,2020-07-12,1069
194,2020-07-13,1140
195,2020-07-14,1156
196,2020-07-15,1169
197,2020-07-16,1201
198,2020-07-17,1349
199,2020-07-18,1134
200,2020-07-19,1088
201,2020-07-20,861
202,2020-07-21,869
203,2020-07-22,779
204,2020-07-23,869
205,2020-07-24,758
206,2020-07-25,767
207,2020-07-26,761
208,2020-07-27,777
209,2020-07-28,1001
210,2020-07-29,871
211,2020-07-30,883
212,2020-07-31,1015
213,2020-08-01,972
214,2020-08-02,967
215,2020-08-03,828
216,2020-08-04,1019
217,2020-08-05,1010
218,2020-08-06,939
219,2020-08-07,704
220,2020-08-08,586
221,2020-08-09,737
222,2020-08-10,778
223,2020-08-11,823
224,2020-08-12,801
225,2020-08-13,807
226,2020-08-14,842
227,2020-08-15,971
228,2020-08-16,848
229,2020-08-17,840
230,2020-08-18,649
231,2020-08-19,590
232,2020-08-20,627
233,2020-08-21,562
234,2020-08-22,543
235,2020-08-23,439
236,2020-08-24,608
237,2020-08-25,611
238,2020-08-26,506
239,2020-08-27,463
240,2020-08-28,473
241,2020-08-29,507
242,2020-08-30,500
243,2020-08-31,510
244,2020-09-01,432
245,2020-09-02,475
246,2020-09-03,525
247,2020-09-04,500
248,2020-09-05,366
249,2020-09-06,321
250,2020-09-07,373
251,2020-09-08,388
252,2020-09-09,396
253,2020-09-10,347
254,2020-09-11,364
255,2020-09-12,365
256,2020-09-13,511
257,2020-09-14,516
258,2020-09-15,469
259,2020-09-16,484
260,2020-09-17,462
261,2020-09-18,481
262,2020-09-19,511
263,2020-09-20,485
264,2020-09-21,497
265,2020-09-22,495
266,2020-09-23,549
267,2020-09-24,533
268,2020-09-25,522
269,2020-09-26,491
270,2020-09-27,494
271,2020-09-28,515
272,2020-09-29,520
273,2020-09-30,530
274,2020-10-01,559
275,2020-10-02,515
276,2020-10-03,432
277,2020-10-04,463
278,2020-10-05,468
279,2020-10-06,439
280,2020-10-07,413
281,2020-10-08,420
282,2020-10-09,406
283,2020-10-10,447
284,2020-10-11,449
285,2020-10-12,364
286,2020-10-13,407
287,2020-10-14,444
288,2020-10-15,389
289,2020-10-16,424
290,2020-10-17,421
291,2020-10-18,419
292,2020-10-19,401
293,2020-10-20,360
294,2020-10-21,379
295,2020-10-22,371
296,2020-10-23,402
297,2020-10-24,373
298,2020-10-25,401
299,2020-10-26,396
300,2020-10-27,380
301,2020-10-28,392
302,2020-10-29,424
303,2020-10-30,406
304,2020-10-31,376
305,2020-11-01,368
306,2020-11-02,418
307,2020-11-03,353
308,2020-11-04,381
309,2020-11-05,340
310,2020-11-06,327
311,2020-11-07,375
312,2020-11-08,374
313,2020-11-09,366
314,2020-11-10,354
315,2020-11-11,307
316,2020-11-12,362
317,2020-11-13,393
318,2020-11-14,346
319,2020-11-15,354
320,2020-11-16,349
321,2020-11-17,336
322,2020-11-18,382
323,2020-11-19,349
324,2020-11-20,400
325,2020-11-21,317
326,2020-11-22,339
327,2020-11-23,305
328,2020-11-24,341
329,2020-11-25,312
330,2020-11-26,285
331,2020-11-27,308
332,2020-11-28,314
333,2020-11-29,297
334,2020-11-30,325
335,2020-12-01,308
336,2020-12-02,302
337,2020-12-03,283
338,2020-12-04,309
339,2020-12-05,334
340,2020-12-06,329
341,2020-12-07,289
342,2020-12-08,313
343,2020-12-09,285
344,2020-12-10,286
345,2020-12-11,280
346,2020-12-12,300
347,2020-12-13,290
348,2020-12-14,295
349,2020-12-15,278
350,2020-12-16,304
351,2020-12-17,286
352,2020-12-18,272
353,2020-12-19,286
354,2020-12-20,310
355,2020-12-21,280
356,2020-12-22,291
357,2020-12-23,314
358,2020-12-24,283
359,2020-12-25,302
360,2020-12-26,306
361,2020-12-27,285
362,2020-12-28,260
363,2020-12-29,294
364,2020-12-30,261
365,2020-12-31,263
