不约而同,Date,DecryptedData
0,2020-01-01,707
1,2020-01-02,586
2,2020-01-03,463
3,2020-01-04,499
4,2020-01-05,540
5,2020-01-06,441
6,2020-01-07,429
7,2020-01-08,423
8,2020-01-09,433
9,2020-01-10,352
10,2020-01-11,403
11,2020-01-12,368
12,2020-01-13,374
13,2020-01-14,387
14,2020-01-15,391
15,2020-01-16,416
16,2020-01-17,428
17,2020-01-18,406
18,2020-01-19,445
19,2020-01-20,397
20,2020-01-21,418
21,2020-01-22,409
22,2020-01-23,354
23,2020-01-24,214
24,2020-01-25,279
25,2020-01-26,325
26,2020-01-27,383
27,2020-01-28,441
28,2020-01-29,409
29,2020-01-30,483
30,2020-01-31,502
31,2020-02-01,495
32,2020-02-02,531
33,2020-02-03,546
34,2020-02-04,478
35,2020-02-05,652
36,2020-02-06,596
37,2020-02-07,576
38,2020-02-08,600
39,2020-02-09,559
40,2020-02-10,603
41,2020-02-11,614
42,2020-02-12,535
43,2020-02-13,569
44,2020-02-14,574
45,2020-02-15,524
46,2020-02-16,479
47,2020-02-17,563
48,2020-02-18,643
49,2020-02-19,564
50,2020-02-20,517
51,2020-02-21,509
52,2020-02-22,513
53,2020-02-23,485
54,2020-02-24,581
55,2020-02-25,522
56,2020-02-26,542
57,2020-02-27,584
58,2020-02-28,502
59,2020-02-29,537
60,2020-03-01,471
61,2020-03-02,595
62,2020-03-03,608
63,2020-03-04,624
64,2020-03-05,660
65,2020-03-06,591
66,2020-03-07,546
67,2020-03-08,477
68,2020-03-09,610
69,2020-03-10,527
70,2020-03-11,570
71,2020-03-12,636
72,2020-03-13,558
73,2020-03-14,535
74,2020-03-15,510
75,2020-03-16,558
76,2020-03-17,736
77,2020-03-18,596
78,2020-03-19,616
79,2020-03-20,548
80,2020-03-21,544
81,2020-03-22,511
82,2020-03-23,656
83,2020-03-24,665
84,2020-03-25,658
85,2020-03-26,651
86,2020-03-27,624
87,2020-03-28,519
88,2020-03-29,451
89,2020-03-30,673
90,2020-03-31,596
91,2020-04-01,622
92,2020-04-02,631
93,2020-04-03,612
94,2020-04-04,548
95,2020-04-05,542
96,2020-04-06,532
97,2020-04-07,595
98,2020-04-08,642
99,2020-04-09,724
100,2020-04-10,645
101,2020-04-11,540
102,2020-04-12,496
103,2020-04-13,749
104,2020-04-14,670
105,2020-04-15,724
106,2020-04-16,751
107,2020-04-17,692
108,2020-04-18,559
109,2020-04-19,568
110,2020-04-20,671
111,2020-04-21,715
112,2020-04-22,869
113,2020-04-23,978
114,2020-04-24,757
115,2020-04-25,646
116,2020-04-26,742
117,2020-04-27,858
118,2020-04-28,964
119,2020-04-29,926
120,2020-04-30,757
121,2020-05-01,538
122,2020-05-02,517
123,2020-05-03,546
124,2020-05-04,590
125,2020-05-05,655
126,2020-05-06,861
127,2020-05-07,925
128,2020-05-08,1014
129,2020-05-09,856
130,2020-05-10,821
131,2020-05-11,852
132,2020-05-12,914
133,2020-05-13,995
134,2020-05-14,989
135,2020-05-15,733
136,2020-05-16,731
137,2020-05-17,711
138,2020-05-18,857
139,2020-05-19,836
140,2020-05-20,959
141,2020-05-21,986
142,2020-05-22,737
143,2020-05-23,636
144,2020-05-24,686
145,2020-05-25,805
146,2020-05-26,889
147,2020-05-27,894
148,2020-05-28,866
149,2020-05-29,603
150,2020-05-30,680
151,2020-05-31,681
152,2020-06-01,618
153,2020-06-02,836
154,2020-06-03,784
155,2020-06-04,882
156,2020-06-05,611
157,2020-06-06,723
158,2020-06-07,852
159,2020-06-08,895
160,2020-06-09,897
161,2020-06-10,988
162,2020-06-11,961
163,2020-06-12,677
164,2020-06-13,838
165,2020-06-14,932
166,2020-06-15,967
167,2020-06-16,959
168,2020-06-17,958
169,2020-06-18,978
170,2020-06-19,735
171,2020-06-20,881
172,2020-06-21,963
173,2020-06-22,951
174,2020-06-23,978
175,2020-06-24,720
176,2020-06-25,778
177,2020-06-26,935
178,2020-06-27,965
179,2020-06-28,988
180,2020-06-29,987
181,2020-06-30,994
182,2020-07-01,993
183,2020-07-02,1005
184,2020-07-03,806
185,2020-07-04,833
186,2020-07-05,780
187,2020-07-06,920
188,2020-07-07,925
189,2020-07-08,902
190,2020-07-09,838
191,2020-07-10,657
192,2020-07-11,788
193,2020-07-12,800
194,2020-07-13,841
195,2020-07-14,720
196,2020-07-15,732
197,2020-07-16,757
198,2020-07-17,725
199,2020-07-18,755
200,2020-07-19,794
201,2020-07-20,840
202,2020-07-21,788
203,2020-07-22,770
204,2020-07-23,766
205,2020-07-24,679
206,2020-07-25,585
207,2020-07-26,673
208,2020-07-27,739
209,2020-07-28,759
210,2020-07-29,711
211,2020-07-30,681
212,2020-07-31,669
213,2020-08-01,632
214,2020-08-02,646
215,2020-08-03,744
216,2020-08-04,701
217,2020-08-05,711
218,2020-08-06,717
219,2020-08-07,613
220,2020-08-08,582
221,2020-08-09,587
222,2020-08-10,681
223,2020-08-11,652
224,2020-08-12,684
225,2020-08-13,737
226,2020-08-14,628
227,2020-08-15,636
228,2020-08-16,625
229,2020-08-17,613
230,2020-08-18,599
231,2020-08-19,588
232,2020-08-20,641
233,2020-08-21,628
234,2020-08-22,523
235,2020-08-23,547
236,2020-08-24,557
237,2020-08-25,585
238,2020-08-26,554
239,2020-08-27,608
240,2020-08-28,537
241,2020-08-29,527
242,2020-08-30,609
243,2020-08-31,521
244,2020-09-01,377
245,2020-09-02,408
246,2020-09-03,450
247,2020-09-04,385
248,2020-09-05,452
249,2020-09-06,530
250,2020-09-07,454
251,2020-09-08,500
252,2020-09-09,546
253,2020-09-10,560
254,2020-09-11,395
255,2020-09-12,531
256,2020-09-13,693
257,2020-09-14,540
258,2020-09-15,512
259,2020-09-16,568
260,2020-09-17,628
261,2020-09-18,509
262,2020-09-19,651
263,2020-09-20,843
264,2020-09-21,692
265,2020-09-22,724
266,2020-09-23,817
267,2020-09-24,834
268,2020-09-25,523
269,2020-09-26,945
270,2020-09-27,757
271,2020-09-28,664
272,2020-09-29,649
273,2020-09-30,432
274,2020-10-01,557
275,2020-10-02,558
276,2020-10-03,592
277,2020-10-04,609
278,2020-10-05,589
279,2020-10-06,600
280,2020-10-07,609
281,2020-10-08,671
282,2020-10-09,736
283,2020-10-10,516
284,2020-10-11,707
285,2020-10-12,557
286,2020-10-13,572
287,2020-10-14,543
288,2020-10-15,826
289,2020-10-16,491
290,2020-10-17,540
291,2020-10-18,678
292,2020-10-19,570
293,2020-10-20,580
294,2020-10-21,576
295,2020-10-22,641
296,2020-10-23,467
297,2020-10-24,535
298,2020-10-25,671
299,2020-10-26,683
300,2020-10-27,621
301,2020-10-28,707
302,2020-10-29,634
303,2020-10-30,504
304,2020-10-31,619
305,2020-11-01,771
306,2020-11-02,639
307,2020-11-03,659
308,2020-11-04,715
309,2020-11-05,656
310,2020-11-06,473
311,2020-11-07,569
312,2020-11-08,667
313,2020-11-09,599
314,2020-11-10,499
315,2020-11-11,518
316,2020-11-12,593
317,2020-11-13,494
318,2020-11-14,575
319,2020-11-15,699
320,2020-11-16,620
321,2020-11-17,608
322,2020-11-18,525
323,2020-11-19,640
324,2020-11-20,483
325,2020-11-21,616
326,2020-11-22,643
327,2020-11-23,642
328,2020-11-24,652
329,2020-11-25,578
330,2020-11-26,558
331,2020-11-27,480
332,2020-11-28,704
333,2020-11-29,639
334,2020-11-30,614
335,2020-12-01,559
336,2020-12-02,574
337,2020-12-03,485
338,2020-12-04,557
339,2020-12-05,696
340,2020-12-06,736
341,2020-12-07,601
342,2020-12-08,698
343,2020-12-09,655
344,2020-12-10,637
345,2020-12-11,503
346,2020-12-12,611
347,2020-12-13,727
348,2020-12-14,691
349,2020-12-15,669
350,2020-12-16,627
351,2020-12-17,689
352,2020-12-18,531
353,2020-12-19,748
354,2020-12-20,846
355,2020-12-21,717
356,2020-12-22,736
357,2020-12-23,749
358,2020-12-24,776
359,2020-12-25,579
360,2020-12-26,755
361,2020-12-27,853
362,2020-12-28,694
363,2020-12-29,689
364,2020-12-30,616
365,2020-12-31,462
