乘风破浪的姐姐,Date,DecryptedData
0,2020-01-01,
1,2020-01-02,
2,2020-01-03,
3,2020-01-04,
4,2020-01-05,
5,2020-01-06,
6,2020-01-07,
7,2020-01-08,
8,2020-01-09,
9,2020-01-10,
10,2020-01-11,
11,2020-01-12,
12,2020-01-13,
13,2020-01-14,
14,2020-01-15,
15,2020-01-16,
16,2020-01-17,
17,2020-01-18,
18,2020-01-19,
19,2020-01-20,
20,2020-01-21,
21,2020-01-22,
22,2020-01-23,
23,2020-01-24,
24,2020-01-25,
25,2020-01-26,
26,2020-01-27,
27,2020-01-28,
28,2020-01-29,
29,2020-01-30,
30,2020-01-31,
31,2020-02-01,
32,2020-02-02,
33,2020-02-03,
34,2020-02-04,
35,2020-02-05,
36,2020-02-06,
37,2020-02-07,
38,2020-02-08,
39,2020-02-09,
40,2020-02-10,
41,2020-02-11,
42,2020-02-12,
43,2020-02-13,
44,2020-02-14,
45,2020-02-15,
46,2020-02-16,
47,2020-02-17,
48,2020-02-18,
49,2020-02-19,
50,2020-02-20,
51,2020-02-21,
52,2020-02-22,
53,2020-02-23,
54,2020-02-24,
55,2020-02-25,
56,2020-02-26,
57,2020-02-27,
58,2020-02-28,
59,2020-02-29,
60,2020-03-01,
61,2020-03-02,
62,2020-03-03,
63,2020-03-04,
64,2020-03-05,
65,2020-03-06,
66,2020-03-07,
67,2020-03-08,
68,2020-03-09,
69,2020-03-10,
70,2020-03-11,
71,2020-03-12,
72,2020-03-13,
73,2020-03-14,
74,2020-03-15,
75,2020-03-16,
76,2020-03-17,
77,2020-03-18,
78,2020-03-19,
79,2020-03-20,
80,2020-03-21,
81,2020-03-22,
82,2020-03-23,
83,2020-03-24,
84,2020-03-25,
85,2020-03-26,
86,2020-03-27,
87,2020-03-28,
88,2020-03-29,
89,2020-03-30,
90,2020-03-31,
91,2020-04-01,
92,2020-04-02,
93,2020-04-03,
94,2020-04-04,
95,2020-04-05,
96,2020-04-06,
97,2020-04-07,
98,2020-04-08,
99,2020-04-09,
100,2020-04-10,
101,2020-04-11,
102,2020-04-12,
103,2020-04-13,
104,2020-04-14,
105,2020-04-15,
106,2020-04-16,
107,2020-04-17,
108,2020-04-18,
109,2020-04-19,
110,2020-04-20,
111,2020-04-21,
112,2020-04-22,
113,2020-04-23,
114,2020-04-24,
115,2020-04-25,
116,2020-04-26,
117,2020-04-27,
118,2020-04-28,
119,2020-04-29,
120,2020-04-30,
121,2020-05-01,
122,2020-05-02,
123,2020-05-03,
124,2020-05-04,29593
125,2020-05-05,63631
126,2020-05-06,122655
127,2020-05-07,27411
128,2020-05-08,27497
129,2020-05-09,40573
130,2020-05-10,22164
131,2020-05-11,16032
132,2020-05-12,18244
133,2020-05-13,14828
134,2020-05-14,12637
135,2020-05-15,10256
136,2020-05-16,9566
137,2020-05-17,8629
138,2020-05-18,8400
139,2020-05-19,8191
140,2020-05-20,7711
141,2020-05-21,7666
142,2020-05-22,7876
143,2020-05-23,6906
144,2020-05-24,8201
145,2020-05-25,8956
146,2020-05-26,7446
147,2020-05-27,4171
148,2020-05-28,4208
149,2020-05-29,4059
150,2020-05-30,4214
151,2020-05-31,4489
152,2020-06-01,8822
153,2020-06-02,8423
154,2020-06-03,13092
155,2020-06-04,15577
156,2020-06-05,16419
157,2020-06-06,9103
158,2020-06-07,7505
159,2020-06-08,7012
160,2020-06-09,6720
161,2020-06-10,6671
162,2020-06-11,5680
163,2020-06-12,354812
164,2020-06-13,362444
165,2020-06-14,191186
166,2020-06-15,136518
167,2020-06-16,113004
168,2020-06-17,98502
169,2020-06-18,91511
170,2020-06-19,339401
171,2020-06-20,319338
172,2020-06-21,210345
173,2020-06-22,153485
174,2020-06-23,153283
175,2020-06-24,134405
176,2020-06-25,176724
177,2020-06-26,325432
178,2020-06-27,250796
179,2020-06-28,160707
180,2020-06-29,179000
181,2020-06-30,132730
182,2020-07-01,103225
183,2020-07-02,102124
184,2020-07-03,198248
185,2020-07-04,212119
186,2020-07-05,154632
187,2020-07-06,128175
188,2020-07-07,111817
189,2020-07-08,105273
190,2020-07-09,102596
191,2020-07-10,228605
192,2020-07-11,205710
193,2020-07-12,132351
194,2020-07-13,129689
195,2020-07-14,105080
196,2020-07-15,87010
197,2020-07-16,81550
198,2020-07-17,148577
199,2020-07-18,154984
200,2020-07-19,111979
201,2020-07-20,92283
202,2020-07-21,79563
203,2020-07-22,70647
204,2020-07-23,67609
205,2020-07-24,155241
206,2020-07-25,143301
207,2020-07-26,89467
208,2020-07-27,77396
209,2020-07-28,67391
210,2020-07-29,56644
211,2020-07-30,56586
212,2020-07-31,123353
213,2020-08-01,127587
214,2020-08-02,91290
215,2020-08-03,74242
216,2020-08-04,60608
217,2020-08-05,53752
218,2020-08-06,50852
219,2020-08-07,96623
220,2020-08-08,101044
221,2020-08-09,78368
222,2020-08-10,72425
223,2020-08-11,64546
224,2020-08-12,55546
225,2020-08-13,59409
226,2020-08-14,121786
227,2020-08-15,118282
228,2020-08-16,81288
229,2020-08-17,91079
230,2020-08-18,66346
231,2020-08-19,56802
232,2020-08-20,48358
233,2020-08-21,93718
234,2020-08-22,88700
235,2020-08-23,55682
236,2020-08-24,47579
237,2020-08-25,38326
238,2020-08-26,35113
239,2020-08-27,37769
240,2020-08-28,87462
241,2020-08-29,82676
242,2020-08-30,49235
243,2020-08-31,38063
244,2020-09-01,32286
245,2020-09-02,29994
246,2020-09-03,33997
247,2020-09-04,129874
248,2020-09-05,211956
249,2020-09-06,74454
250,2020-09-07,43758
251,2020-09-08,30084
252,2020-09-09,27526
253,2020-09-10,21238
254,2020-09-11,19974
255,2020-09-12,20605
256,2020-09-13,17998
257,2020-09-14,14028
258,2020-09-15,12800
259,2020-09-16,11421
260,2020-09-17,10873
261,2020-09-18,10546
262,2020-09-19,12686
263,2020-09-20,11329
264,2020-09-21,8612
265,2020-09-22,8489
266,2020-09-23,8364
267,2020-09-24,7199
268,2020-09-25,5804
269,2020-09-26,5642
270,2020-09-27,4900
271,2020-09-28,4471
272,2020-09-29,6904
273,2020-09-30,7758
274,2020-10-01,11046
275,2020-10-02,9339
276,2020-10-03,8956
277,2020-10-04,8323
278,2020-10-05,8083
279,2020-10-06,7710
280,2020-10-07,7313
281,2020-10-08,7148
282,2020-10-09,6469
283,2020-10-10,6586
284,2020-10-11,6885
285,2020-10-12,5738
286,2020-10-13,5700
287,2020-10-14,6146
288,2020-10-15,5818
289,2020-10-16,6449
290,2020-10-17,6959
291,2020-10-18,6610
292,2020-10-19,5592
293,2020-10-20,5225
294,2020-10-21,5428
295,2020-10-22,5608
296,2020-10-23,6144
297,2020-10-24,8328
298,2020-10-25,7261
299,2020-10-26,5671
300,2020-10-27,5412
301,2020-10-28,5250
302,2020-10-29,5597
303,2020-10-30,5993
304,2020-10-31,7086
305,2020-11-01,6203
306,2020-11-02,5074
307,2020-11-03,4628
308,2020-11-04,4535
309,2020-11-05,4503
310,2020-11-06,5360
311,2020-11-07,6150
312,2020-11-08,5693
313,2020-11-09,5013
314,2020-11-10,4679
315,2020-11-11,4314
316,2020-11-12,4636
317,2020-11-13,5381
318,2020-11-14,5996
319,2020-11-15,5436
320,2020-11-16,4834
321,2020-11-17,4587
322,2020-11-18,5396
323,2020-11-19,5466
324,2020-11-20,5860
325,2020-11-21,6766
326,2020-11-22,5952
327,2020-11-23,5289
328,2020-11-24,5080
329,2020-11-25,5145
330,2020-11-26,5001
331,2020-11-27,5946
332,2020-11-28,5539
333,2020-11-29,4996
334,2020-11-30,4626
335,2020-12-01,4447
336,2020-12-02,4438
337,2020-12-03,4946
338,2020-12-04,5897
339,2020-12-05,5709
340,2020-12-06,6580
341,2020-12-07,5822
342,2020-12-08,5596
343,2020-12-09,5043
344,2020-12-10,4910
345,2020-12-11,4916
346,2020-12-12,5313
347,2020-12-13,7061
348,2020-12-14,6579
349,2020-12-15,6482
350,2020-12-16,5986
351,2020-12-17,5546
352,2020-12-18,5843
353,2020-12-19,6551
354,2020-12-20,6808
355,2020-12-21,5189
356,2020-12-22,5122
357,2020-12-23,5364
358,2020-12-24,5483
359,2020-12-25,5956
360,2020-12-26,8751
361,2020-12-27,7759
362,2020-12-28,6261
363,2020-12-29,5856
364,2020-12-30,6050
365,2020-12-31,13821
