二舅,Date,DecryptedData
0,2022-01-01,
1,2022-01-02,
2,2022-01-03,
3,2022-01-04,
4,2022-01-05,
5,2022-01-06,
6,2022-01-07,
7,2022-01-08,
8,2022-01-09,
9,2022-01-10,
10,2022-01-11,
11,2022-01-12,
12,2022-01-13,
13,2022-01-14,
14,2022-01-15,
15,2022-01-16,
16,2022-01-17,
17,2022-01-18,
18,2022-01-19,
19,2022-01-20,
20,2022-01-21,
21,2022-01-22,
22,2022-01-23,
23,2022-01-24,
24,2022-01-25,
25,2022-01-26,
26,2022-01-27,
27,2022-01-28,
28,2022-01-29,
29,2022-01-30,
30,2022-01-31,
31,2022-02-01,
32,2022-02-02,
33,2022-02-03,
34,2022-02-04,
35,2022-02-05,
36,2022-02-06,
37,2022-02-07,
38,2022-02-08,
39,2022-02-09,
40,2022-02-10,
41,2022-02-11,
42,2022-02-12,
43,2022-02-13,
44,2022-02-14,
45,2022-02-15,
46,2022-02-16,
47,2022-02-17,
48,2022-02-18,
49,2022-02-19,
50,2022-02-20,
51,2022-02-21,
52,2022-02-22,
53,2022-02-23,
54,2022-02-24,
55,2022-02-25,
56,2022-02-26,
57,2022-02-27,
58,2022-02-28,
59,2022-03-01,
60,2022-03-02,
61,2022-03-03,
62,2022-03-04,
63,2022-03-05,
64,2022-03-06,
65,2022-03-07,
66,2022-03-08,
67,2022-03-09,
68,2022-03-10,
69,2022-03-11,
70,2022-03-12,
71,2022-03-13,
72,2022-03-14,
73,2022-03-15,
74,2022-03-16,
75,2022-03-17,
76,2022-03-18,
77,2022-03-19,
78,2022-03-20,
79,2022-03-21,
80,2022-03-22,
81,2022-03-23,
82,2022-03-24,
83,2022-03-25,
84,2022-03-26,
85,2022-03-27,
86,2022-03-28,
87,2022-03-29,
88,2022-03-30,
89,2022-03-31,
90,2022-04-01,
91,2022-04-02,
92,2022-04-03,
93,2022-04-04,
94,2022-04-05,
95,2022-04-06,
96,2022-04-07,
97,2022-04-08,
98,2022-04-09,
99,2022-04-10,
100,2022-04-11,
101,2022-04-12,
102,2022-04-13,
103,2022-04-14,
104,2022-04-15,
105,2022-04-16,
106,2022-04-17,
107,2022-04-18,
108,2022-04-19,
109,2022-04-20,
110,2022-04-21,
111,2022-04-22,
112,2022-04-23,
113,2022-04-24,
114,2022-04-25,
115,2022-04-26,
116,2022-04-27,
117,2022-04-28,
118,2022-04-29,
119,2022-04-30,
120,2022-05-01,
121,2022-05-02,
122,2022-05-03,
123,2022-05-04,
124,2022-05-05,
125,2022-05-06,
126,2022-05-07,
127,2022-05-08,
128,2022-05-09,
129,2022-05-10,
130,2022-05-11,
131,2022-05-12,
132,2022-05-13,
133,2022-05-14,
134,2022-05-15,
135,2022-05-16,
136,2022-05-17,
137,2022-05-18,
138,2022-05-19,
139,2022-05-20,
140,2022-05-21,
141,2022-05-22,
142,2022-05-23,
143,2022-05-24,
144,2022-05-25,
145,2022-05-26,
146,2022-05-27,
147,2022-05-28,
148,2022-05-29,
149,2022-05-30,
150,2022-05-31,
151,2022-06-01,
152,2022-06-02,
153,2022-06-03,
154,2022-06-04,
155,2022-06-05,
156,2022-06-06,
157,2022-06-07,
158,2022-06-08,
159,2022-06-09,
160,2022-06-10,
161,2022-06-11,
162,2022-06-12,
163,2022-06-13,
164,2022-06-14,
165,2022-06-15,
166,2022-06-16,
167,2022-06-17,
168,2022-06-18,
169,2022-06-19,
170,2022-06-20,
171,2022-06-21,
172,2022-06-22,
173,2022-06-23,
174,2022-06-24,
175,2022-06-25,
176,2022-06-26,
177,2022-06-27,
178,2022-06-28,
179,2022-06-29,
180,2022-06-30,
181,2022-07-01,
182,2022-07-02,
183,2022-07-03,
184,2022-07-04,
185,2022-07-05,
186,2022-07-06,
187,2022-07-07,
188,2022-07-08,
189,2022-07-09,
190,2022-07-10,
191,2022-07-11,
192,2022-07-12,
193,2022-07-13,
194,2022-07-14,
195,2022-07-15,
196,2022-07-16,
197,2022-07-17,
198,2022-07-18,
199,2022-07-19,
200,2022-07-20,
201,2022-07-21,
202,2022-07-22,
203,2022-07-23,
204,2022-07-24,
205,2022-07-25,
206,2022-07-26,24292
207,2022-07-27,143308
208,2022-07-28,97219
209,2022-07-29,68349
210,2022-07-30,37490
211,2022-07-31,28941
212,2022-08-01,32829
213,2022-08-02,13541
214,2022-08-03,7267
215,2022-08-04,4770
216,2022-08-05,3793
217,2022-08-06,3274
218,2022-08-07,2885
219,2022-08-08,2625
220,2022-08-09,2234
221,2022-08-10,2193
222,2022-08-11,1976
223,2022-08-12,1771
224,2022-08-13,1418
225,2022-08-14,1379
226,2022-08-15,1437
227,2022-08-16,1336
228,2022-08-17,1347
229,2022-08-18,1330
230,2022-08-19,1248
231,2022-08-20,1152
232,2022-08-21,1137
233,2022-08-22,1232
234,2022-08-23,1139
235,2022-08-24,1199
236,2022-08-25,1195
237,2022-08-26,1041
238,2022-08-27,1001
239,2022-08-28,1110
240,2022-08-29,1202
241,2022-08-30,1172
242,2022-08-31,2305
243,2022-09-01,1370
244,2022-09-02,1243
245,2022-09-03,1122
246,2022-09-04,1276
247,2022-09-05,1184
248,2022-09-06,1042
249,2022-09-07,1098
250,2022-09-08,1030
251,2022-09-09,930
252,2022-09-10,944
253,2022-09-11,931
254,2022-09-12,915
255,2022-09-13,796
256,2022-09-14,744
257,2022-09-15,717
258,2022-09-16,644
259,2022-09-17,693
260,2022-09-18,694
261,2022-09-19,747
262,2022-09-20,27946
263,2022-09-21,2967
264,2022-09-22,1627
265,2022-09-23,1295
266,2022-09-24,1493
267,2022-09-25,1095
268,2022-09-26,943
269,2022-09-27,856
270,2022-09-28,796
271,2022-09-29,702
272,2022-09-30,764
273,2022-10-01,756
274,2022-10-02,747
275,2022-10-03,683
276,2022-10-04,652
277,2022-10-05,609
278,2022-10-06,570
279,2022-10-07,599
280,2022-10-08,512
281,2022-10-09,571
282,2022-10-10,515
283,2022-10-11,522
284,2022-10-12,503
285,2022-10-13,524
286,2022-10-14,487
287,2022-10-15,699
288,2022-10-16,552
289,2022-10-17,540
290,2022-10-18,504
291,2022-10-19,531
292,2022-10-20,466
293,2022-10-21,469
294,2022-10-22,452
295,2022-10-23,475
296,2022-10-24,468
297,2022-10-25,515
298,2022-10-26,523
299,2022-10-27,567
300,2022-10-28,548
301,2022-10-29,547
302,2022-10-30,413
303,2022-10-31,408
304,2022-11-01,470
305,2022-11-02,438
306,2022-11-03,438
307,2022-11-04,383
308,2022-11-05,387
309,2022-11-06,409
310,2022-11-07,393
311,2022-11-08,380
312,2022-11-09,400
313,2022-11-10,363
314,2022-11-11,373
315,2022-11-12,369
316,2022-11-13,386
317,2022-11-14,369
318,2022-11-15,342
319,2022-11-16,369
320,2022-11-17,375
321,2022-11-18,354
322,2022-11-19,341
323,2022-11-20,480
324,2022-11-21,356
325,2022-11-22,321
326,2022-11-23,368
327,2022-11-24,381
328,2022-11-25,361
329,2022-11-26,350
330,2022-11-27,432
331,2022-11-28,372
332,2022-11-29,359
333,2022-11-30,372
334,2022-12-01,349
335,2022-12-02,334
336,2022-12-03,350
337,2022-12-04,368
338,2022-12-05,318
339,2022-12-06,351
340,2022-12-07,332
341,2022-12-08,358
342,2022-12-09,332
343,2022-12-10,327
344,2022-12-11,321
345,2022-12-12,295
346,2022-12-13,333
347,2022-12-14,336
348,2022-12-15,358
349,2022-12-16,313
350,2022-12-17,323
351,2022-12-18,289
352,2022-12-19,347
353,2022-12-20,312
354,2022-12-21,277
355,2022-12-22,301
356,2022-12-23,296
357,2022-12-24,295
358,2022-12-25,289
359,2022-12-26,346
360,2022-12-27,337
361,2022-12-28,404
362,2022-12-29,1048
363,2022-12-30,972
364,2022-12-31,554
