内卷,Date,DecryptedData
0,2020-01-01,
1,2020-01-02,
2,2020-01-03,
3,2020-01-04,
4,2020-01-05,
5,2020-01-06,
6,2020-01-07,
7,2020-01-08,
8,2020-01-09,
9,2020-01-10,
10,2020-01-11,
11,2020-01-12,
12,2020-01-13,
13,2020-01-14,
14,2020-01-15,
15,2020-01-16,
16,2020-01-17,
17,2020-01-18,
18,2020-01-19,
19,2020-01-20,
20,2020-01-21,
21,2020-01-22,
22,2020-01-23,
23,2020-01-24,
24,2020-01-25,
25,2020-01-26,
26,2020-01-27,
27,2020-01-28,
28,2020-01-29,
29,2020-01-30,
30,2020-01-31,
31,2020-02-01,
32,2020-02-02,
33,2020-02-03,
34,2020-02-04,
35,2020-02-05,
36,2020-02-06,
37,2020-02-07,
38,2020-02-08,
39,2020-02-09,
40,2020-02-10,
41,2020-02-11,
42,2020-02-12,
43,2020-02-13,
44,2020-02-14,
45,2020-02-15,
46,2020-02-16,
47,2020-02-17,
48,2020-02-18,
49,2020-02-19,
50,2020-02-20,
51,2020-02-21,
52,2020-02-22,
53,2020-02-23,
54,2020-02-24,
55,2020-02-25,
56,2020-02-26,
57,2020-02-27,
58,2020-02-28,
59,2020-02-29,
60,2020-03-01,
61,2020-03-02,
62,2020-03-03,
63,2020-03-04,
64,2020-03-05,
65,2020-03-06,
66,2020-03-07,
67,2020-03-08,
68,2020-03-09,
69,2020-03-10,
70,2020-03-11,
71,2020-03-12,
72,2020-03-13,
73,2020-03-14,
74,2020-03-15,
75,2020-03-16,
76,2020-03-17,
77,2020-03-18,
78,2020-03-19,
79,2020-03-20,
80,2020-03-21,
81,2020-03-22,
82,2020-03-23,
83,2020-03-24,
84,2020-03-25,
85,2020-03-26,
86,2020-03-27,
87,2020-03-28,
88,2020-03-29,
89,2020-03-30,
90,2020-03-31,
91,2020-04-01,
92,2020-04-02,
93,2020-04-03,
94,2020-04-04,
95,2020-04-05,
96,2020-04-06,
97,2020-04-07,
98,2020-04-08,
99,2020-04-09,
100,2020-04-10,
101,2020-04-11,
102,2020-04-12,
103,2020-04-13,
104,2020-04-14,
105,2020-04-15,5494
106,2020-04-16,2511
107,2020-04-17,2369
108,2020-04-18,2054
109,2020-04-19,2686
110,2020-04-20,2374
111,2020-04-21,3326
112,2020-04-22,3345
113,2020-04-23,2230
114,2020-04-24,1991
115,2020-04-25,1659
116,2020-04-26,1902
117,2020-04-27,1808
118,2020-04-28,1828
119,2020-04-29,1779
120,2020-04-30,1641
121,2020-05-01,1276
122,2020-05-02,1303
123,2020-05-03,1354
124,2020-05-04,1610
125,2020-05-05,2036
126,2020-05-06,1830
127,2020-05-07,1783
128,2020-05-08,1876
129,2020-05-09,2270
130,2020-05-10,1882
131,2020-05-11,1876
132,2020-05-12,1799
133,2020-05-13,2249
134,2020-05-14,1976
135,2020-05-15,1823
136,2020-05-16,2013
137,2020-05-17,1760
138,2020-05-18,1923
139,2020-05-19,1846
140,2020-05-20,1812
141,2020-05-21,1925
142,2020-05-22,1947
143,2020-05-23,2074
144,2020-05-24,1751
145,2020-05-25,2096
146,2020-05-26,2154
147,2020-05-27,2196
148,2020-05-28,2383
149,2020-05-29,2144
150,2020-05-30,1812
151,2020-05-31,1932
152,2020-06-01,2041
153,2020-06-02,2045
154,2020-06-03,2062
155,2020-06-04,2083
156,2020-06-05,2244
157,2020-06-06,1672
158,2020-06-07,2060
159,2020-06-08,2173
160,2020-06-09,2067
161,2020-06-10,1979
162,2020-06-11,2096
163,2020-06-12,2056
164,2020-06-13,1732
165,2020-06-14,1631
166,2020-06-15,1933
167,2020-06-16,2041
168,2020-06-17,1966
169,2020-06-18,1866
170,2020-06-19,1909
171,2020-06-20,1725
172,2020-06-21,1770
173,2020-06-22,2394
174,2020-06-23,2394
175,2020-06-24,1856
176,2020-06-25,1563
177,2020-06-26,1617
178,2020-06-27,1816
179,2020-06-28,2167
180,2020-06-29,2013
181,2020-06-30,2269
182,2020-07-01,2063
183,2020-07-02,1960
184,2020-07-03,1937
185,2020-07-04,2268
186,2020-07-05,2042
187,2020-07-06,2181
188,2020-07-07,2520
189,2020-07-08,4270
190,2020-07-09,2709
191,2020-07-10,2378
192,2020-07-11,2410
193,2020-07-12,2592
194,2020-07-13,2801
195,2020-07-14,2549
196,2020-07-15,2747
197,2020-07-16,2569
198,2020-07-17,2863
199,2020-07-18,3571
200,2020-07-19,3408
201,2020-07-20,3211
202,2020-07-21,2658
203,2020-07-22,2605
204,2020-07-23,4656
205,2020-07-24,5259
206,2020-07-25,4578
207,2020-07-26,3444
208,2020-07-27,3808
209,2020-07-28,3522
210,2020-07-29,3753
211,2020-07-30,3832
212,2020-07-31,3261
213,2020-08-01,2721
214,2020-08-02,2733
215,2020-08-03,3322
216,2020-08-04,3047
217,2020-08-05,3070
218,2020-08-06,3548
219,2020-08-07,3064
220,2020-08-08,2469
221,2020-08-09,2518
222,2020-08-10,3005
223,2020-08-11,2796
224,2020-08-12,2757
225,2020-08-13,2599
226,2020-08-14,3259
227,2020-08-15,2892
228,2020-08-16,2430
229,2020-08-17,2611
230,2020-08-18,2536
231,2020-08-19,2864
232,2020-08-20,2638
233,2020-08-21,2681
234,2020-08-22,2542
235,2020-08-23,3317
236,2020-08-24,3922
237,2020-08-25,2957
238,2020-08-26,3582
239,2020-08-27,3404
240,2020-08-28,3123
241,2020-08-29,2942
242,2020-08-30,3290
243,2020-08-31,3128
244,2020-09-01,3253
245,2020-09-02,2858
246,2020-09-03,3560
247,2020-09-04,3232
248,2020-09-05,2717
249,2020-09-06,3007
250,2020-09-07,4741
251,2020-09-08,4471
252,2020-09-09,5945
253,2020-09-10,5293
254,2020-09-11,4627
255,2020-09-12,3605
256,2020-09-13,3391
257,2020-09-14,4413
258,2020-09-15,3957
259,2020-09-16,3763
260,2020-09-17,3966
261,2020-09-18,3895
262,2020-09-19,5848
263,2020-09-20,6084
264,2020-09-21,5966
265,2020-09-22,6180
266,2020-09-23,7150
267,2020-09-24,5734
268,2020-09-25,5003
269,2020-09-26,4263
270,2020-09-27,4952
271,2020-09-28,5473
272,2020-09-29,7981
273,2020-09-30,12086
274,2020-10-01,4870
275,2020-10-02,4132
276,2020-10-03,4260
277,2020-10-04,4561
278,2020-10-05,4169
279,2020-10-06,5063
280,2020-10-07,4945
281,2020-10-08,5158
282,2020-10-09,8672
283,2020-10-10,7164
284,2020-10-11,6383
285,2020-10-12,7900
286,2020-10-13,7780
287,2020-10-14,12754
288,2020-10-15,13534
289,2020-10-16,11459
290,2020-10-17,8015
291,2020-10-18,9520
292,2020-10-19,10827
293,2020-10-20,9406
294,2020-10-21,10288
295,2020-10-22,11924
296,2020-10-23,12126
297,2020-10-24,8322
298,2020-10-25,8411
299,2020-10-26,11956
300,2020-10-27,19473
301,2020-10-28,14450
302,2020-10-29,11249
303,2020-10-30,11378
304,2020-10-31,7190
305,2020-11-01,6828
306,2020-11-02,9233
307,2020-11-03,9411
308,2020-11-04,8581
309,2020-11-05,8461
310,2020-11-06,7958
311,2020-11-07,7071
312,2020-11-08,7566
313,2020-11-09,12756
314,2020-11-10,11434
315,2020-11-11,9201
316,2020-11-12,8743
317,2020-11-13,13799
318,2020-11-14,9170
319,2020-11-15,8455
320,2020-11-16,10285
321,2020-11-17,11202
322,2020-11-18,10552
323,2020-11-19,10111
324,2020-11-20,9883
325,2020-11-21,7484
326,2020-11-22,7110
327,2020-11-23,8555
328,2020-11-24,8763
329,2020-11-25,11479
330,2020-11-26,13061
331,2020-11-27,12669
332,2020-11-28,9331
333,2020-11-29,8293
334,2020-11-30,10800
335,2020-12-01,11470
336,2020-12-02,10894
337,2020-12-03,12247
338,2020-12-04,22421
339,2020-12-05,15641
340,2020-12-06,12309
341,2020-12-07,13798
342,2020-12-08,13336
343,2020-12-09,16307
344,2020-12-10,17453
345,2020-12-11,13375
346,2020-12-12,9092
347,2020-12-13,9690
348,2020-12-14,13402
349,2020-12-15,13146
350,2020-12-16,16168
351,2020-12-17,17731
352,2020-12-18,22246
353,2020-12-19,18056
354,2020-12-20,18378
355,2020-12-21,18716
356,2020-12-22,19063
357,2020-12-23,19994
358,2020-12-24,17582
359,2020-12-25,14727
360,2020-12-26,12943
361,2020-12-27,14562
362,2020-12-28,15115
363,2020-12-29,13787
364,2020-12-30,12402
365,2020-12-31,11810
