厉害了我的哥,Date,DecryptedData
0,2016-01-01,
1,2016-01-02,
2,2016-01-03,
3,2016-01-04,
4,2016-01-05,
5,2016-01-06,
6,2016-01-07,
7,2016-01-08,
8,2016-01-09,
9,2016-01-10,
10,2016-01-11,
11,2016-01-12,
12,2016-01-13,
13,2016-01-14,
14,2016-01-15,
15,2016-01-16,
16,2016-01-17,
17,2016-01-18,
18,2016-01-19,
19,2016-01-20,
20,2016-01-21,
21,2016-01-22,
22,2016-01-23,
23,2016-01-24,
24,2016-01-25,
25,2016-01-26,
26,2016-01-27,
27,2016-01-28,
28,2016-01-29,
29,2016-01-30,
30,2016-01-31,
31,2016-02-01,
32,2016-02-02,
33,2016-02-03,
34,2016-02-04,
35,2016-02-05,
36,2016-02-06,
37,2016-02-07,
38,2016-02-08,
39,2016-02-09,
40,2016-02-10,
41,2016-02-11,
42,2016-02-12,
43,2016-02-13,
44,2016-02-14,
45,2016-02-15,
46,2016-02-16,
47,2016-02-17,
48,2016-02-18,
49,2016-02-19,
50,2016-02-20,
51,2016-02-21,
52,2016-02-22,
53,2016-02-23,
54,2016-02-24,
55,2016-02-25,
56,2016-02-26,
57,2016-02-27,
58,2016-02-28,
59,2016-02-29,
60,2016-03-01,
61,2016-03-02,
62,2016-03-03,
63,2016-03-04,
64,2016-03-05,
65,2016-03-06,
66,2016-03-07,
67,2016-03-08,
68,2016-03-09,
69,2016-03-10,
70,2016-03-11,
71,2016-03-12,
72,2016-03-13,
73,2016-03-14,
74,2016-03-15,
75,2016-03-16,
76,2016-03-17,
77,2016-03-18,
78,2016-03-19,
79,2016-03-20,
80,2016-03-21,
81,2016-03-22,
82,2016-03-23,61
83,2016-03-24,
84,2016-03-25,60
85,2016-03-26,74
86,2016-03-27,135
87,2016-03-28,66
88,2016-03-29,74
89,2016-03-30,96
90,2016-03-31,69
91,2016-04-01,83
92,2016-04-02,155
93,2016-04-03,113
94,2016-04-04,181
95,2016-04-05,69
96,2016-04-06,79
97,2016-04-07,150
98,2016-04-08,133
99,2016-04-09,180
100,2016-04-10,177
101,2016-04-11,83
102,2016-04-12,79
103,2016-04-13,137
104,2016-04-14,133
105,2016-04-15,141
106,2016-04-16,138
107,2016-04-17,66
108,2016-04-18,66
109,2016-04-19,65
110,2016-04-20,70
111,2016-04-21,60
112,2016-04-22,127
113,2016-04-23,149
114,2016-04-24,78
115,2016-04-25,74
116,2016-04-26,78
117,2016-04-27,66
118,2016-04-28,127
119,2016-04-29,134
120,2016-04-30,135
121,2016-05-01,144
122,2016-05-02,151
123,2016-05-03,127
124,2016-05-04,129
125,2016-05-05,129
126,2016-05-06,138
127,2016-05-07,142
128,2016-05-08,150
129,2016-05-09,145
130,2016-05-10,131
131,2016-05-11,61
132,2016-05-12,133
133,2016-05-13,70
134,2016-05-14,141
135,2016-05-15,142
136,2016-05-16,131
137,2016-05-17,139
138,2016-05-18,134
139,2016-05-19,66
140,2016-05-20,73
141,2016-05-21,74
142,2016-05-22,153
143,2016-05-23,143
144,2016-05-24,139
145,2016-05-25,137
146,2016-05-26,149
147,2016-05-27,146
148,2016-05-28,156
149,2016-05-29,151
150,2016-05-30,137
151,2016-05-31,137
152,2016-06-01,151
153,2016-06-02,156
154,2016-06-03,148
155,2016-06-04,142
156,2016-06-05,151
157,2016-06-06,127
158,2016-06-07,143
159,2016-06-08,142
160,2016-06-09,147
161,2016-06-10,138
162,2016-06-11,152
163,2016-06-12,136
164,2016-06-13,133
165,2016-06-14,144
166,2016-06-15,149
167,2016-06-16,141
168,2016-06-17,86
169,2016-06-18,145
170,2016-06-19,160
171,2016-06-20,153
172,2016-06-21,147
173,2016-06-22,137
174,2016-06-23,149
175,2016-06-24,147
176,2016-06-25,150
177,2016-06-26,146
178,2016-06-27,142
179,2016-06-28,147
180,2016-06-29,142
181,2016-06-30,164
182,2016-07-01,144
183,2016-07-02,162
184,2016-07-03,149
185,2016-07-04,142
186,2016-07-05,165
187,2016-07-06,146
188,2016-07-07,154
189,2016-07-08,163
190,2016-07-09,147
191,2016-07-10,144
192,2016-07-11,155
193,2016-07-12,163
194,2016-07-13,145
195,2016-07-14,161
196,2016-07-15,150
197,2016-07-16,174
198,2016-07-17,163
199,2016-07-18,157
200,2016-07-19,164
201,2016-07-20,178
202,2016-07-21,184
203,2016-07-22,160
204,2016-07-23,174
205,2016-07-24,171
206,2016-07-25,182
207,2016-07-26,190
208,2016-07-27,177
209,2016-07-28,179
210,2016-07-29,179
211,2016-07-30,155
212,2016-07-31,168
213,2016-08-01,208
214,2016-08-02,200
215,2016-08-03,224
216,2016-08-04,221
217,2016-08-05,224
218,2016-08-06,177
219,2016-08-07,194
220,2016-08-08,209
221,2016-08-09,245
222,2016-08-10,230
223,2016-08-11,249
224,2016-08-12,260
225,2016-08-13,269
226,2016-08-14,296
227,2016-08-15,345
228,2016-08-16,341
229,2016-08-17,325
230,2016-08-18,336
231,2016-08-19,343
232,2016-08-20,340
233,2016-08-21,363
234,2016-08-22,407
235,2016-08-23,457
236,2016-08-24,445
237,2016-08-25,517
238,2016-08-26,600
239,2016-08-27,529
240,2016-08-28,607
241,2016-08-29,785
242,2016-08-30,1291
243,2016-08-31,1253
244,2016-09-01,1040
245,2016-09-02,1354
246,2016-09-03,1386
247,2016-09-04,1460
248,2016-09-05,1587
249,2016-09-06,2348
250,2016-09-07,2324
251,2016-09-08,2093
252,2016-09-09,2213
253,2016-09-10,2800
254,2016-09-11,3266
255,2016-09-12,4040
256,2016-09-13,5208
257,2016-09-14,6094
258,2016-09-15,6889
259,2016-09-16,8571
260,2016-09-17,8471
261,2016-09-18,9620
262,2016-09-19,11276
263,2016-09-20,10545
264,2016-09-21,11358
265,2016-09-22,11317
266,2016-09-23,15386
267,2016-09-24,16403
268,2016-09-25,15857
269,2016-09-26,15796
270,2016-09-27,13280
271,2016-09-28,13287
272,2016-09-29,13226
273,2016-09-30,16029
274,2016-10-01,13649
275,2016-10-02,13300
276,2016-10-03,12785
277,2016-10-04,12942
278,2016-10-05,11998
279,2016-10-06,11345
280,2016-10-07,11317
281,2016-10-08,10428
282,2016-10-09,9808
283,2016-10-10,9257
284,2016-10-11,9674
285,2016-10-12,9424
286,2016-10-13,9260
287,2016-10-14,8107
288,2016-10-15,7355
289,2016-10-16,6964
290,2016-10-17,7484
291,2016-10-18,6500
292,2016-10-19,6598
293,2016-10-20,6267
294,2016-10-21,6190
295,2016-10-22,7069
296,2016-10-23,6107
297,2016-10-24,5621
298,2016-10-25,5337
299,2016-10-26,5386
300,2016-10-27,5279
301,2016-10-28,4871
302,2016-10-29,4531
303,2016-10-30,4776
304,2016-10-31,4308
305,2016-11-01,3914
306,2016-11-02,3922
307,2016-11-03,4106
308,2016-11-04,4643
309,2016-11-05,4370
310,2016-11-06,4203
311,2016-11-07,3899
312,2016-11-08,3795
313,2016-11-09,3660
314,2016-11-10,3429
315,2016-11-11,3241
316,2016-11-12,3515
317,2016-11-13,3378
318,2016-11-14,3075
319,2016-11-15,2797
320,2016-11-16,2708
321,2016-11-17,2655
322,2016-11-18,2719
323,2016-11-19,2926
324,2016-11-20,2792
325,2016-11-21,2541
326,2016-11-22,2501
327,2016-11-23,2650
328,2016-11-24,2587
329,2016-11-25,2491
330,2016-11-26,2516
331,2016-11-27,2470
332,2016-11-28,2322
333,2016-11-29,2176
334,2016-11-30,2185
335,2016-12-01,2300
336,2016-12-02,2363
337,2016-12-03,2361
338,2016-12-04,2417
339,2016-12-05,2343
340,2016-12-06,2387
341,2016-12-07,2254
342,2016-12-08,2206
343,2016-12-09,2250
344,2016-12-10,2194
345,2016-12-11,2075
346,2016-12-12,2107
347,2016-12-13,2084
348,2016-12-14,1995
349,2016-12-15,2044
350,2016-12-16,1916
351,2016-12-17,1783
352,2016-12-18,1687
353,2016-12-19,1794
354,2016-12-20,2060
355,2016-12-21,2361
356,2016-12-22,2196
357,2016-12-23,1976
358,2016-12-24,1708
359,2016-12-25,1760
360,2016-12-26,1824
361,2016-12-27,1803
362,2016-12-28,1843
363,2016-12-29,1837
364,2016-12-30,1724
365,2016-12-31,1634
