吸猫,Date,DecryptedData
0,2017-01-01,
1,2017-01-02,
2,2017-01-03,61
3,2017-01-04,
4,2017-01-05,
5,2017-01-06,
6,2017-01-07,
7,2017-01-08,
8,2017-01-09,
9,2017-01-10,
10,2017-01-11,
11,2017-01-12,
12,2017-01-13,61
13,2017-01-14,
14,2017-01-15,61
15,2017-01-16,
16,2017-01-17,
17,2017-01-18,
18,2017-01-19,
19,2017-01-20,
20,2017-01-21,
21,2017-01-22,
22,2017-01-23,61
23,2017-01-24,
24,2017-01-25,70
25,2017-01-26,
26,2017-01-27,61
27,2017-01-28,
28,2017-01-29,
29,2017-01-30,
30,2017-01-31,
31,2017-02-01,
32,2017-02-02,
33,2017-02-03,
34,2017-02-04,
35,2017-02-05,
36,2017-02-06,61
37,2017-02-07,124
38,2017-02-08,61
39,2017-02-09,129
40,2017-02-10,128
41,2017-02-11,
42,2017-02-12,129
43,2017-02-13,73
44,2017-02-14,63
45,2017-02-15,64
46,2017-02-16,61
47,2017-02-17,133
48,2017-02-18,70
49,2017-02-19,70
50,2017-02-20,
51,2017-02-21,65
52,2017-02-22,61
53,2017-02-23,70
54,2017-02-24,66
55,2017-02-25,147
56,2017-02-26,188
57,2017-02-27,156
58,2017-02-28,210
59,2017-03-01,179
60,2017-03-02,177
61,2017-03-03,149
62,2017-03-04,83
63,2017-03-05,151
64,2017-03-06,79
65,2017-03-07,161
66,2017-03-08,155
67,2017-03-09,165
68,2017-03-10,151
69,2017-03-11,134
70,2017-03-12,140
71,2017-03-13,127
72,2017-03-14,186
73,2017-03-15,147
74,2017-03-16,137
75,2017-03-17,158
76,2017-03-18,144
77,2017-03-19,78
78,2017-03-20,173
79,2017-03-21,205
80,2017-03-22,499
81,2017-03-23,274
82,2017-03-24,268
83,2017-03-25,190
84,2017-03-26,174
85,2017-03-27,257
86,2017-03-28,1224
87,2017-03-29,3060
88,2017-03-30,1370
89,2017-03-31,1198
90,2017-04-01,794
91,2017-04-02,617
92,2017-04-03,641
93,2017-04-04,547
94,2017-04-05,617
95,2017-04-06,642
96,2017-04-07,612
97,2017-04-08,535
98,2017-04-09,635
99,2017-04-10,719
100,2017-04-11,1979
101,2017-04-12,1415
102,2017-04-13,1299
103,2017-04-14,1197
104,2017-04-15,887
105,2017-04-16,771
106,2017-04-17,782
107,2017-04-18,645
108,2017-04-19,629
109,2017-04-20,754
110,2017-04-21,821
111,2017-04-22,733
112,2017-04-23,869
113,2017-04-24,846
114,2017-04-25,1074
115,2017-04-26,1077
116,2017-04-27,1040
117,2017-04-28,834
118,2017-04-29,733
119,2017-04-30,704
120,2017-05-01,879
121,2017-05-02,883
122,2017-05-03,812
123,2017-05-04,991
124,2017-05-05,819
125,2017-05-06,649
126,2017-05-07,692
127,2017-05-08,736
128,2017-05-09,792
129,2017-05-10,800
130,2017-05-11,891
131,2017-05-12,1519
132,2017-05-13,1418
133,2017-05-14,1175
134,2017-05-15,1159
135,2017-05-16,1814
136,2017-05-17,1485
137,2017-05-18,1474
138,2017-05-19,1402
139,2017-05-20,1781
140,2017-05-21,1635
141,2017-05-22,2020
142,2017-05-23,1968
143,2017-05-24,1534
144,2017-05-25,1496
145,2017-05-26,1509
146,2017-05-27,1374
147,2017-05-28,1211
148,2017-05-29,1239
149,2017-05-30,1221
150,2017-05-31,1278
151,2017-06-01,1316
152,2017-06-02,1312
153,2017-06-03,1194
154,2017-06-04,1171
155,2017-06-05,1280
156,2017-06-06,1281
157,2017-06-07,1272
158,2017-06-08,1273
159,2017-06-09,1281
160,2017-06-10,1154
161,2017-06-11,1129
162,2017-06-12,1274
163,2017-06-13,1398
164,2017-06-14,1225
165,2017-06-15,1302
166,2017-06-16,1222
167,2017-06-17,1100
168,2017-06-18,1156
169,2017-06-19,1292
170,2017-06-20,1328
171,2017-06-21,1305
172,2017-06-22,1330
173,2017-06-23,1356
174,2017-06-24,1127
175,2017-06-25,1213
176,2017-06-26,1275
177,2017-06-27,1236
178,2017-06-28,1281
179,2017-06-29,1320
180,2017-06-30,1321
181,2017-07-01,1149
182,2017-07-02,1205
183,2017-07-03,1320
184,2017-07-04,2562
185,2017-07-05,1853
186,2017-07-06,1630
187,2017-07-07,1863
188,2017-07-08,1826
189,2017-07-09,1614
190,2017-07-10,1728
191,2017-07-11,1781
192,2017-07-12,1857
193,2017-07-13,1928
194,2017-07-14,2128
195,2017-07-15,2282
196,2017-07-16,2132
197,2017-07-17,3048
198,2017-07-18,2304
199,2017-07-19,2415
200,2017-07-20,2427
201,2017-07-21,2331
202,2017-07-22,2048
203,2017-07-23,1941
204,2017-07-24,2465
205,2017-07-25,2512
206,2017-07-26,2528
207,2017-07-27,2275
208,2017-07-28,2459
209,2017-07-29,1929
210,2017-07-30,1900
211,2017-07-31,2079
212,2017-08-01,2206
213,2017-08-02,3684
214,2017-08-03,2816
215,2017-08-04,2470
216,2017-08-05,2222
217,2017-08-06,2984
218,2017-08-07,2668
219,2017-08-08,2582
220,2017-08-09,2557
221,2017-08-10,2531
222,2017-08-11,2664
223,2017-08-12,2149
224,2017-08-13,2165
225,2017-08-14,2633
226,2017-08-15,3123
227,2017-08-16,3050
228,2017-08-17,3248
229,2017-08-18,3039
230,2017-08-19,2948
231,2017-08-20,2836
232,2017-08-21,2717
233,2017-08-22,2567
234,2017-08-23,2579
235,2017-08-24,2193
236,2017-08-25,2988
237,2017-08-26,3572
238,2017-08-27,2886
239,2017-08-28,2465
240,2017-08-29,2575
241,2017-08-30,2555
242,2017-08-31,2316
243,2017-09-01,1938
244,2017-09-02,2116
245,2017-09-03,1949
246,2017-09-04,1828
247,2017-09-05,2268
248,2017-09-06,2276
249,2017-09-07,2020
250,2017-09-08,2017
251,2017-09-09,1866
252,2017-09-10,1745
253,2017-09-11,1827
254,2017-09-12,1702
255,2017-09-13,1718
256,2017-09-14,2102
257,2017-09-15,2135
258,2017-09-16,1938
259,2017-09-17,1727
260,2017-09-18,1678
261,2017-09-19,1678
262,2017-09-20,1589
263,2017-09-21,1509
264,2017-09-22,1522
265,2017-09-23,1512
266,2017-09-24,1440
267,2017-09-25,1515
268,2017-09-26,1453
269,2017-09-27,1555
270,2017-09-28,1566
271,2017-09-29,1774
272,2017-09-30,1761
273,2017-10-01,1576
274,2017-10-02,1840
275,2017-10-03,1796
276,2017-10-04,1907
277,2017-10-05,1831
278,2017-10-06,1755
279,2017-10-07,1674
280,2017-10-08,1517
281,2017-10-09,1576
282,2017-10-10,1645
283,2017-10-11,1886
284,2017-10-12,1634
285,2017-10-13,1817
286,2017-10-14,2067
287,2017-10-15,1723
288,2017-10-16,2218
289,2017-10-17,1879
290,2017-10-18,1574
291,2017-10-19,1584
292,2017-10-20,1845
293,2017-10-21,1680
294,2017-10-22,1677
295,2017-10-23,1553
296,2017-10-24,1613
297,2017-10-25,1597
298,2017-10-26,1533
299,2017-10-27,1446
300,2017-10-28,1343
301,2017-10-29,1386
302,2017-10-30,1549
303,2017-10-31,1415
304,2017-11-01,1354
305,2017-11-02,1512
306,2017-11-03,1723
307,2017-11-04,1338
308,2017-11-05,1685
309,2017-11-06,1337
310,2017-11-07,1294
311,2017-11-08,1322
312,2017-11-09,1629
313,2017-11-10,1378
314,2017-11-11,1176
315,2017-11-12,1238
316,2017-11-13,1378
317,2017-11-14,1614
318,2017-11-15,1824
319,2017-11-16,2096
320,2017-11-17,1703
321,2017-11-18,1531
322,2017-11-19,1408
323,2017-11-20,1375
324,2017-11-21,1431
325,2017-11-22,1332
326,2017-11-23,1570
327,2017-11-24,1391
328,2017-11-25,1258
329,2017-11-26,1269
330,2017-11-27,1327
331,2017-11-28,1682
332,2017-11-29,1594
333,2017-11-30,1815
334,2017-12-01,1456
335,2017-12-02,1307
336,2017-12-03,1307
337,2017-12-04,1359
338,2017-12-05,1402
339,2017-12-06,1416
340,2017-12-07,1442
341,2017-12-08,1460
342,2017-12-09,1304
343,2017-12-10,1235
344,2017-12-11,1564
345,2017-12-12,1339
346,2017-12-13,1447
347,2017-12-14,1575
348,2017-12-15,1456
349,2017-12-16,1291
350,2017-12-17,1362
351,2017-12-18,1442
352,2017-12-19,2103
353,2017-12-20,6388
354,2017-12-21,10228
355,2017-12-22,7797
356,2017-12-23,8106
357,2017-12-24,6579
358,2017-12-25,9289
359,2017-12-26,16118
360,2017-12-27,14096
361,2017-12-28,7608
362,2017-12-29,5563
363,2017-12-30,4188
364,2017-12-31,2556
